category_id,views,comment_count,likes,dislikes
1,5298,786,2518,4028
10,9412,632,3523,4069
2,6041,245,1875,1279
22,6864,627,1457,3219
27,2718,834,2925,2094
1,7658,253,2365,3294
29,5729,300,4540,2140
27,9006,223,3087,4401
24,9251,975,3094,2845
1,6878,402,2738,1524
17,8769,284,4569,4028
22,2733,974,1622,3165
15,5875,819,4273,3697
19,7562,745,3016,3285
25,8376,812,4456,4932
26,6668,338,2073,3610
28,8484,463,2653,3311
2,2765,297,1596,2078
29,3102,888,1025,4238
27,9913,426,4160,4963
17,2755,840,4747,3585
17,5465,744,3377,2220
23,9808,503,1069,1261
2,6759,970,1053,2162
25,5971,842,4350,4887
23,5895,659,2243,1345
15,2716,667,1896,3832
10,3183,468,1242,1873
28,7786,873,2401,2488
25,8778,521,3559,4272
2,6174,696,3015,2548
15,2154,988,1803,1162
2,8492,697,1794,2832
27,3577,889,2697,2879
22,2497,265,3540,1664
23,4120,994,4321,3217
1,3777,651,1929,3426
22,3455,265,2980,2717
1,6985,634,4033,2164
22,2822,748,2654,1827
24,4608,324,2322,4468
25,6548,893,4603,2098
27,4332,744,3988,2275
22,2571,991,2331,4687
1,8362,376,2706,1840
17,9467,235,3465,3382
19,4994,846,1654,3681
17,7933,493,1601,4834
17,4533,353,3425,2011
24,2923,792,1565,2326
15,3989,298,1500,4058
2,9918,982,3747,2083
22,9886,799,3800,2073
19,3190,506,1023,4751
26,2391,218,3803,3022
26,5850,876,3457,4598
10,3047,718,3615,4863
22,4418,677,1897,3612
28,7385,965,2264,1496
25,4427,653,2556,4623
2,7050,452,1592,4547
1,5418,799,4024,3971
27,9378,628,1139,2502
27,6388,587,1483,1303
19,5966,630,1359,1855
19,3733,639,2611,3618
28,3841,538,1710,4568
10,4579,612,2917,1570
28,2260,729,2298,1252
24,2094,481,1349,3485
22,3049,605,4831,2289
19,5944,934,2596,2917
17,5996,244,1349,2095
26,7336,997,1201,4483
19,8092,854,1728,1885
10,7148,567,3617,3364
29,9237,994,4667,4115
23,3042,560,3172,1897
27,5440,589,1213,4872
15,6674,596,3774,1142
24,4549,794,1378,2704
28,6321,801,4189,3687
19,3942,682,1938,1508
22,6920,458,3974,3934
25,5654,882,2892,1782
17,6101,251,4205,1639
25,5728,770,3081,3946
2,9560,912,3394,4095
2,9877,386,4783,4618
24,9085,265,4173,2844
29,4916,258,4481,4656
2,6076,984,2126,1445
2,2942,643,4597,3424
29,6687,647,3933,3847
1,8686,351,1946,1643
19,4434,563,2997,3353
2,6314,763,4906,1109
28,4764,450,2748,1273
22,7484,647,1864,4758
15,8155,840,2927,1707
17,7990,586,2381,2183
24,2288,616,1909,1300
27,8774,231,4300,1285
27,8896,908,3449,3050
27,3977,306,4643,1682
19,6702,714,2417,1071
23,9436,554,1464,1829
28,4005,741,2956,1485
29,4767,330,3358,3474
22,5830,412,3556,2876
22,8308,775,4172,4052
23,7746,545,3473,4230
27,5851,448,3396,4662
15,4414,201,4261,4401
2,9365,437,4989,2238
29,5942,826,4976,4374
17,5333,856,1304,4549
25,8811,898,4921,1127
23,3856,942,2557,3530
22,5154,586,2932,2588
10,3547,594,2547,1215
2,4569,432,2995,3027
28,8123,966,2983,1085
28,5407,862,4618,3769
25,9028,792,3945,1176
17,9812,273,2401,3554
19,4687,341,2494,4386
27,2617,978,4226,4116
29,7259,305,4661,3305
29,4398,987,2035,2982
17,3751,919,1018,3530
25,5436,744,4947,3035
24,2681,656,4885,4394
26,5612,610,4991,4055
27,5498,473,2613,1424
1,5944,659,1192,4522
22,2806,656,1504,2776
15,2460,839,3046,2410
2,7104,790,3647,1967
2,6552,357,3897,3320
17,7677,714,2200,3143
25,3110,396,4144,3156
28,2412,343,3306,3562
26,8586,306,1439,3319
17,4066,739,3702,1702
1,2608,736,4371,2971
2,6026,602,3317,2248
25,3383,680,2130,1306
2,3375,279,2695,1235
26,2612,853,2625,1928
1,8050,739,1785,4789
17,8265,826,4167,2794
22,7947,438,4717,1698
24,7996,791,4740,3701
17,2566,660,3494,4045
2,2267,467,1678,4960
10,8519,277,1196,1945
23,9376,561,4113,3756
26,8153,530,3173,2487
27,3981,813,3237,3075
17,3486,439,2280,3163
26,2526,802,3484,2293
1,3964,706,3687,1367
23,9445,207,1071,1457
17,8805,728,1380,2832
2,3467,732,4325,4939
22,6587,374,4474,1032
1,8001,811,1236,3903
15,3429,476,2923,1201
23,6321,730,1829,2033
1,7188,858,3139,1905
25,8611,486,2453,3220
27,6985,643,2752,1337
1,8555,660,1042,4649
27,4907,791,2762,3248
19,4516,611,2519,3747
26,8539,583,4419,2673
24,4254,643,4446,1950
24,9870,912,2555,3388
1,3798,301,2696,3626
10,9566,575,1926,4726
26,6935,607,2993,1302
22,6720,220,2681,1338
28,8339,233,1702,3743
17,4297,895,4966,1730
1,4478,694,1056,2374
19,5388,770,4156,4642
10,3444,427,1961,4194
10,4240,972,4931,3633
29,4837,822,1959,2982
24,2332,337,2196,1087
1,4504,523,4765,3001
2,7385,218,2750,1813
24,2686,675,2569,4132
27,2501,902,2307,4823
27,4512,284,1557,4680
29,9697,794,4764,4566
15,2339,829,2779,4201
19,9838,524,1497,3542
15,2225,320,1017,4506
27,8245,242,4979,3607
28,5889,252,4546,4174
25,9161,281,2502,1836
29,6358,779,1882,3271
26,7467,680,4006,1742
19,9933,360,2477,3194
29,7323,272,3010,4127
2,8091,917,1202,3152
27,4287,489,2786,3755
19,8758,773,3420,1454
1,5947,705,2153,4624
27,6410,888,2368,4602
25,3956,210,3556,1270
26,5855,464,2241,2594
24,4024,931,1188,1746
1,7571,807,2772,1505
29,2798,328,3543,4349
27,3991,353,2117,2451
24,2285,870,4751,2678
23,7081,936,4082,4864
28,3418,273,3763,2373
10,4550,467,3285,4974
24,7068,226,3510,4965
17,9193,632,4691,2739
25,5835,823,4637,4120
10,6963,762,3051,4651
26,9176,473,1742,3956
27,8310,268,2704,2702
23,3979,791,3972,3635
2,9294,726,2626,1550
26,6558,520,1946,3751
24,8220,803,1910,1021
17,4090,945,2807,2189
22,8823,683,4565,2397
19,4768,394,1749,2470
1,8761,358,1782,3322
24,8279,297,2251,3518
22,5714,748,2650,2590
25,3766,344,1235,2897
2,2561,888,1171,2702
26,3309,372,4836,4689
1,8252,905,4044,3425
22,8663,985,3530,1936
29,3466,241,1816,4542
15,7651,993,3126,1730
27,6640,933,1099,1066
1,4375,848,4425,4253
24,6409,363,1073,3049
27,2129,398,4318,2860
17,3185,443,4013,2127
24,3210,465,1480,4708
25,9721,403,3436,4950
19,9110,750,3338,4535
22,7289,668,4850,3909
27,8733,551,3204,1470
2,8345,328,3735,4041
28,2271,690,1865,1944
1,3378,391,1685,4700
1,9942,691,2414,4831
10,4889,552,3519,2523
1,3041,642,1657,3061
17,5007,395,3688,1078
27,6116,970,2229,4634
24,8998,358,2741,2550
29,4826,567,1979,4550
22,7489,331,3542,3997
28,4514,944,4499,4859
27,7330,638,1290,3129
22,3374,480,4520,1096
1,2173,742,1210,3145
23,3355,509,2840,4862
29,6138,271,4542,2732
26,7602,548,4406,1496
23,4889,686,4982,2738
28,9843,655,2057,4176
19,4756,250,4893,2832
19,4421,203,3738,2981
24,8122,814,1722,4225
24,8503,791,1342,3332
15,9537,884,3615,4206
17,3456,278,4701,3174
23,5540,291,2236,3500
19,5132,381,4996,3780
25,7421,412,2619,4979
1,3719,835,2246,2883
17,8133,896,4802,3829
26,5776,355,1779,3891
1,7442,239,3284,1111
29,7781,525,1152,4742
29,8126,352,4541,1659
23,7333,425,1094,4933
10,4409,333,2185,3177
28,9950,249,3260,4259
27,8569,432,1852,4891
29,8500,392,4960,4465
25,5583,546,1724,4493
29,7713,389,4066,3230
26,2406,696,1504,3161
28,7230,1000,4164,1569
1,9659,365,4004,2336
19,4595,203,5423,5004
25,7083,371,2995,3127
15,7773,987,4553,3610
25,3784,753,4169,3203
26,2619,730,4655,4194
24,7605,360,4399,3500
28,4799,435,4936,3541
24,8606,503,3000,5309
23,3741,750,3264,2756
23,3609,881,3723,3959
17,2419,265,5345,4181
26,2791,436,3502,3639
17,3274,875,3694,3406
24,7024,890,2950,3797
26,4558,855,3324,3377
23,2965,905,3821,3050
24,7438,410,5151,4508
2,9370,229,4097,5276
26,5989,227,2824,3922
15,3674,295,4313,4329
25,6174,488,2804,2711
15,3533,376,4933,2556
17,3092,219,2861,2514
1,2588,340,5142,5189
28,4741,568,3850,3539
24,5298,364,2667,4297
22,6455,727,2762,4707
22,9937,575,5351,4901
25,9245,906,5376,4981
10,6619,915,3748,4374
26,6143,740,2776,4968
17,2043,930,2771,5413
1,4940,258,4921,4246
2,3320,820,3300,5181
2,7190,756,4027,3807
22,7853,442,3261,3562
15,4974,432,2893,3942
27,8385,204,4863,2861
28,3124,336,2901,4039
28,6069,503,3969,4689
24,9830,926,2909,5161
17,8783,774,4607,2761
1,8086,464,2880,4632
27,3752,874,5092,5390
15,9338,441,3593,5216
26,7166,244,4219,4615
24,6556,345,4548,3230
15,4787,780,3111,2583
2,7761,223,4813,2780
17,4130,327,3516,5325
22,6023,464,4790,3302
17,6876,305,5387,4241
2,7572,508,5207,5050
25,7600,868,5047,5490
23,9989,805,3871,4483
27,5311,733,2684,5495
2,3521,876,3347,3958
10,3360,441,3561,3839
29,8556,263,4653,3325
29,4148,767,4755,2727
25,5025,261,3754,4167
17,2600,951,2569,2952
17,4981,355,5398,4854
19,7425,268,4838,5281
28,9011,210,5464,5044
24,3522,712,5111,2974
22,6365,302,5341,5247
27,7096,547,2759,4583
1,7984,435,4526,5321
24,7242,253,2760,4523
27,4925,641,2780,5058
10,5347,227,2896,3125
22,2371,571,3025,3211
2,6230,329,4425,3403
1,3910,746,5213,3799
27,9694,684,2903,4597
2,2586,490,5144,4455
28,9354,642,4617,4850
19,8124,877,2813,5138
24,2395,501,5409,2950
17,7927,886,5221,2504
10,8987,287,2770,4695
2,9230,380,3112,5189
2,8541,293,3296,4327
10,9666,446,3715,2879
24,5284,622,4148,3275
23,6133,792,4525,4462
10,6960,730,4498,4528
1,5288,499,2869,4865
29,5350,826,2979,5296
23,4048,867,4321,3878
29,4350,266,4496,3281
15,5860,434,3846,3487
28,8451,897,3632,5067
29,7668,384,3275,4679
2,3585,434,3674,4990
25,9488,615,4276,3284
19,2745,506,4852,4236
28,2455,449,3740,3028
28,8257,504,4778,2584
15,9820,711,3685,5339
17,9518,430,5312,4580
22,5793,293,4614,5228
10,6363,743,4353,2816
26,5661,467,3748,5262
17,7829,472,4297,2942
2,2822,319,2877,4996
28,6133,674,3577,3550
24,9643,217,5473,4500
26,7704,650,2912,2801
17,8464,502,2992,3784
19,7345,930,3214,4754
26,4053,515,4210,4029
23,8683,857,4470,3691
17,4077,638,4984,2703
17,5375,874,3864,3849
25,5293,574,4100,2784
26,7361,849,3343,3126
17,4697,668,2977,3419
22,4798,296,2636,5352
29,2604,569,3025,3427
17,2611,439,5327,3986
2,7102,563,4930,2620
1,9863,598,2969,3506
22,2534,383,2691,2976
24,5346,342,3726,3587
29,5271,914,4598,4212
17,7555,430,3115,5177
19,4327,807,4429,4704
24,5179,512,2914,3371
27,7504,594,4910,5032
28,7983,769,5255,4039
29,7309,960,3889,2763
23,8875,983,2816,4409
26,3194,911,4194,3844
26,6408,774,3944,2570
25,7650,525,4651,3089
2,6490,667,3315,5020
27,5700,518,3542,3061
24,8389,667,4660,5285
10,2018,564,2945,3840
23,2111,658,3406,3600
1,5175,868,3120,4648
28,9215,662,3950,5013
19,5809,715,4636,4701
22,4764,201,4738,3853
17,9027,854,3858,2762
2,8662,647,3865,5165
26,2427,401,3094,3824
29,5153,341,2602,3820
15,4397,476,3202,2901
23,2535,661,3889,5268
24,5872,954,2977,3796
1,7058,769,2564,3786
23,4106,688,3710,4568
25,7397,471,2991,4327
29,9357,987,5465,3488
17,5638,740,3379,4436
23,4321,817,4608,2759
1,4239,384,2907,5036
19,4642,654,5486,3271
25,4432,534,4782,4314
25,4558,802,3875,3478
26,5285,737,5140,2992
28,2623,847,4943,5378
15,7445,996,5291,3401
17,9296,845,5437,3033
2,7962,402,4205,2984
2,3383,784,5074,4999
22,9381,611,2973,4115
2,9819,667,4368,5321
27,8597,914,4780,4458
15,9370,735,2536,4605
10,5707,629,2939,2759
1,5308,971,3510,2978
19,7323,414,5498,5164
29,3169,723,2549,2594
27,7115,688,4968,5435
17,7587,556,2859,4187
15,5361,724,4925,3320
27,2348,428,2628,2822
29,5007,418,4655,3224
1,8514,948,2609,3481
2,5491,928,5171,2588
22,5315,465,4059,4312
27,8812,492,4737,2908
23,9044,645,3989,3482
17,3308,482,3878,3544
25,2348,966,2807,4540
28,2767,240,4631,3939
26,5214,574,3449,5304
22,2736,606,4428,3411
19,5005,271,4804,4228
25,6676,919,4832,3629
28,7033,994,2900,4355
19,2309,369,4411,4073
10,9255,785,2923,5047
27,6933,833,3291,5286
29,4889,575,5388,4215
1,4318,294,5421,4802
15,7484,451,3739,4521
26,7080,309,3683,4534
29,4084,471,2606,4322
2,8479,667,3158,4835
28,4782,467,3573,4446
26,4166,640,3598,4069
25,7017,928,3379,3539
17,6316,936,5285,4071
19,7264,506,2917,4310
22,6359,740,4527,2966
28,9005,517,5396,3538
1,4154,293,4324,2574
25,4672,542,5195,4731
10,2007,429,3036,2990
17,4738,749,4455,3495
28,9601,591,5352,3571
26,2003,797,2679,4715
2,7482,206,5076,4278
17,4947,318,4107,5102
1,7476,509,3112,2871
27,6673,306,4085,3691
23,7181,828,2636,5086
25,5737,441,3099,3641
10,5439,977,3941,5436
17,7282,313,3635,4187
10,7694,460,3173,4467
24,7645,792,4041,2530
25,4289,820,4946,3603
28,7725,692,3062,4644
10,2902,639,3779,3958
24,5836,568,3036,4659
25,9366,660,3634,2674
24,5769,250,5043,4835
22,6716,944,5175,3181
10,7678,933,4520,3123
23,3934,495,4829,2781
17,6929,380,5175,2799
15,8133,614,5136,3117
28,5101,838,4676,4953
29,5448,617,5341,3584
28,2114,306,2796,4335
24,8669,316,2581,3911
23,3491,486,2928,4135
1,9836,536,4940,5117
24,6803,260,3824,5009
29,5006,338,5198,3899
28,9944,728,3179,4981
28,2131,672,3603,2769
26,7060,972,3491,4331
22,3499,884,2540,2991
24,3693,957,3740,4411
28,2086,237,3569,3389
27,9709,614,3414,2571
23,5273,731,4991,5115
29,4172,698,2949,3604
10,7012,325,3948,3098
24,4737,732,5007,4918
17,6438,499,5075,4171
2,8448,996,4569,3944
25,3253,422,4356,3490
25,8850,578,3811,4218
1,9836,575,2936,2705
10,4793,753,4181,5425
23,6161,814,4807,2996
24,6470,236,3697,3600
19,7487,605,4092,2764
29,4205,519,5371,5429
27,5341,531,2977,4583
28,6107,500,3637,2801
25,2429,732,4111,3829
26,4182,296,2712,4283
23,3672,343,4542,4950
23,6042,800,4999,5238
28,3642,991,3629,4056
25,3468,978,5090,3573
24,3291,771,4636,4422
22,2776,879,4096,2649
1,2752,962,3348,5055
28,2184,570,2978,3237
17,5920,835,2875,3968
23,6784,653,5199,3849
19,9024,538,4652,3282
17,7826,997,3439,3508
24,9780,674,4236,5048
29,6219,379,3883,2729
23,3787,644,4900,4824
22,6015,835,2622,4452
28,2531,845,3010,2667
29,5669,780,4118,3427
22,8971,953,2833,4029
25,5595,664,3117,5114
2,5780,273,4227,3417
26,9784,929,3349,4005
26,5626,222,4409,2680
19,8246,280,3067,5254
28,3660,607,3201,3137
29,7896,846,4537,3659
2,7003,588,3043,2939
17,6291,792,4105,4262
22,3163,448,9839,8705
19,2160,433,7041,8174
23,7790,433,9475,8918
28,5130,942,5955,9605
24,8823,413,9483,7373
2,6244,486,6228,5706
17,3790,388,8553,7382
25,9832,842,9622,8990
28,9809,665,9759,9597
28,6750,459,6706,6390
23,7616,877,9086,8959
15,6267,758,6198,5782
25,5369,571,8544,6190
1,5565,276,8795,5898
23,4800,416,7655,6117
26,3459,297,9958,5773
1,3578,496,8203,7550
23,6712,432,6259,5993
22,4678,608,7379,8056
25,4846,633,8631,6216
23,4997,738,9277,9367
15,8472,287,6085,6645
24,8890,727,7743,8280
10,2648,912,6752,9506
22,5603,256,9068,7101
10,2074,569,9615,9839
17,5622,236,8958,6560
29,6366,590,5824,7269
29,7607,567,6959,9362
19,7522,599,5889,5618
24,3930,927,6188,9026
10,8060,992,6746,8172
26,6440,742,8772,7632
2,4100,856,5752,9481
17,8324,717,9822,8823
23,5540,565,7906,6134
27,6418,425,7221,9037
19,7208,966,5501,8528
17,3341,291,7594,5859
22,4403,931,7030,5776
26,6305,406,9074,9807
28,6818,653,9595,9378
23,4102,340,6223,9394
29,7326,874,9360,7086
15,6027,351,9820,9283
17,7372,317,6344,6575
1,6996,461,5642,6198
15,6928,913,7778,7088
22,9583,518,8868,8697
19,9589,527,7547,5522
19,3942,239,6676,5801
17,9883,822,8979,6974
10,4356,659,8061,7645
29,5553,462,9832,5515
17,4559,773,8167,9532
22,2714,666,6029,6715
28,2985,563,9105,5520
1,6430,750,9621,9274
25,7707,843,9334,5872
24,9807,945,9664,9593
23,9882,610,8933,7583
17,4180,438,8671,5773
25,4048,292,9997,8798
26,5654,809,5934,9358
15,8140,973,7608,6387
29,9046,291,9235,9087
25,9399,766,7224,6849
25,9240,499,6123,8495
1,6768,528,9319,6243
22,4750,980,8795,6693
28,4108,345,7432,6942
15,6445,594,7174,5785
22,2751,881,8468,8517
27,5150,301,8845,7066
17,5950,722,8793,8339
22,8765,840,6242,7170
24,8914,515,7206,6036
19,9821,745,8598,8368
1,2369,217,9790,9075
23,9681,985,7644,6408
23,5740,775,6141,9198
19,5739,835,6329,7514
29,9470,833,7495,8151
29,6070,524,8054,9618
26,7281,233,8592,8644
24,4764,880,8269,6720
22,7723,782,6810,8085
25,8339,824,6892,9383
26,4328,450,6191,8054
15,9488,661,6360,7066
22,6916,801,5727,7275
2,2225,354,9660,7988
2,3015,717,9334,6706
25,7358,835,8904,7909
10,4558,852,7388,8115
10,3607,508,7938,8184
2,3137,612,9041,7852
25,8190,341,9777,9495
23,4421,923,9530,9050
15,4488,546,7145,7871
25,7549,967,8172,9976
19,8423,675,6749,8095
28,6882,296,9398,9905
15,7211,814,8394,6253
25,6114,684,5591,6823
22,9588,899,7321,5810
15,2912,462,8893,9876
26,5888,333,5879,7757
23,2081,937,6186,8149
23,7415,935,8771,9754
28,4712,282,9343,5502
1,9216,958,8461,5696
22,2469,434,9190,8383
15,3811,274,6618,6206
27,3228,377,9602,7414
15,3312,390,9795,5946
10,9718,815,6914,8887
28,6643,980,9504,8881
2,8721,240,6487,7479
17,9944,801,8388,6878
29,4167,911,7093,6310
29,2187,819,7194,9510
10,7313,201,5646,7177
23,5002,815,8122,8310
17,8276,255,8195,6766
22,5996,367,9904,7386
15,8311,867,7907,7179
24,3176,939,9488,7916
24,4774,347,6116,8701
17,9787,388,7923,7721
28,8854,935,6752,9101
24,3153,793,9140,7311
24,9621,566,6179,7165
28,8798,574,6665,6296
17,6168,944,9963,8283
19,7871,481,6257,9021
23,7855,371,6457,9509
22,9512,284,9643,8035
26,4468,410,9590,8090
2,7866,319,9128,9320
26,5112,802,7286,8555
2,9439,931,9345,7516
27,2557,389,6141,5504
28,8591,960,8922,8322
15,5140,612,7928,6618
28,8535,977,5970,9578
25,6461,796,6848,9439
29,7993,616,6437,7405
22,7079,200,8591,5514
23,9606,213,8798,9013
1,7522,632,9019,9588
26,5374,529,8768,8278
28,2782,493,9468,8362
26,4095,817,7551,7696
24,8447,948,6412,8458
15,9773,815,6885,6042
24,6922,265,5558,8314
26,5956,200,6371,9724
24,5223,870,7466,9083
26,9763,795,6112,8852
15,6372,895,6322,6397
26,3357,576,9063,7442
25,3704,625,6938,7418
28,2467,223,9975,9399
25,6844,947,6718,8060
26,2977,352,9045,9311
29,8514,970,8982,5763
2,8360,937,6983,8795
27,2729,405,6967,9910
27,7927,720,5870,7353
28,8535,850,9933,5981
23,8121,315,6860,7587
27,9898,847,6036,9676
17,6017,986,9396,7084
28,3209,472,8117,7185
2,5895,857,7427,6997
17,4295,684,8507,9826
19,5757,394,7756,8653
17,3794,460,7519,8394
15,3728,461,9682,8521
25,6271,932,5977,7616
19,7214,379,7988,6317
25,2530,846,6122,7208
23,5167,308,6132,9577
23,3111,561,9706,6600
23,7273,247,8442,8292
2,2005,871,7633,6516
25,4429,295,6514,6775
27,5111,490,7222,5517
24,2534,918,7854,9752
24,9950,688,8116,9105
1,6061,407,7241,8852
29,2254,346,5916,8858
24,3336,221,8549,9452
17,3533,682,6078,9386
19,2609,273,6981,9904
24,5399,456,8072,6244
2,4611,642,8246,7559
29,4119,865,7724,9912
27,4182,891,8323,9922
25,2927,311,7929,8834
26,8297,448,6167,9827
22,4299,921,8819,7963
27,7028,503,8540,7971
22,3269,931,6748,9702
19,8485,311,8970,8556
24,4869,914,6820,5896
2,8505,672,8615,5687
2,8902,393,9587,5861
17,8072,394,8448,6684
17,7694,549,7928,6167
1,9385,564,5668,6063
23,3522,315,5661,5838
19,7852,475,6683,8797
19,7849,909,8451,8074
29,3419,859,9548,5781
25,2624,680,5884,6054
24,8103,463,9545,7796
10,7701,973,5789,9956
10,3046,554,6014,6916
15,5034,533,6935,7623
10,9371,814,8444,7272
1,6327,797,8883,5533
15,7299,441,7875,6942
25,7578,953,6403,5683
27,5294,496,7646,8798
22,5137,916,8678,9275
29,8200,288,7145,9987
19,8742,636,6214,8945
15,8157,422,8596,6457
17,9662,292,6496,8061
28,2442,733,6663,6806
19,6978,523,9706,9629
28,6653,417,7348,8551
23,3743,249,7187,9448
28,6563,942,7071,5770
29,3115,528,6791,7693
27,2286,400,6594,7066
17,9986,846,9245,8019
29,2675,464,8839,7391
22,8024,545,7823,9885
17,9341,855,7021,9482
10,6099,322,9948,7554
10,4265,635,8653,8408
2,5143,865,9050,6499
15,2692,724,8153,7563
2,9263,456,9844,9551
1,3207,777,7575,9489
25,6150,307,8227,7825
1,5495,240,9851,7570
15,2366,839,7144,6576
24,9065,554,7666,9740
19,6139,769,9247,7849
10,2820,367,6761,7131
1,3437,509,6400,9531
24,8004,369,8626,7253
26,6079,956,7011,9388
27,8176,370,5521,6337
19,5573,970,8452,9306
27,9495,800,8861,8640
28,6880,942,5917,7118
2,8522,551,9444,8901
17,4043,845,9077,6877
2,8165,773,9384,6341
29,7235,747,7894,6902
1,4590,503,9494,9421
15,2933,288,9004,7977
26,6896,832,7438,7926
2,3429,862,7941,6070
19,4900,645,9070,8430
15,9166,909,9770,9545
15,8615,827,9496,7248
10,4611,722,5639,8756
25,6479,223,9092,7952
28,9670,751,5639,8610
10,8316,301,6744,9224
23,6584,652,5942,9694
29,9350,662,8509,9021
29,3416,708,9303,8350
19,3384,529,7408,10000
22,8221,294,9557,9535
22,6789,904,5913,8915
24,3518,642,7646,7787
26,6945,931,7300,8477
29,7507,584,8084,7061
17,9089,905,5999,5597
22,9641,578,9673,6877
23,9167,462,6597,6123
29,5636,761,9726,9341
26,5154,781,5813,9472
28,8177,240,8589,6855
27,2669,980,7965,6480
10,5662,597,8751,6699
25,7178,740,5522,6345
1,4893,632,9382,5538
22,9266,442,6013,8495
2,5022,451,7084,8465
25,6975,874,8228,6283
27,3615,805,8602,6191
29,3513,733,6027,6127
1,5386,664,9236,9853
10,5306,887,9723,9839
26,3190,769,9640,8725
1,3124,257,9952,9025
25,4076,929,9380,9987
1,6383,470,9783,9363
24,8945,790,9386,9669
22,2744,902,8590,9287
25,5304,744,9189,8560
28,7684,915,9221,9702
24,6947,433,9566,8575
29,2267,438,9676,9696
27,9684,879,9355,8991
23,6309,286,8997,9343
1,9982,312,9499,9190
27,5400,603,9871,9540
24,5620,975,9004,8569
10,5283,249,9139,8727
19,5514,259,9071,9969
15,4159,318,9851,9407
26,9147,715,8909,9811
23,4182,548,8844,9375
1,6006,866,8866,8904
28,2636,337,9061,9174
2,3568,687,8620,9067
1,5825,404,9359,9132
24,3011,470,9382,8974
26,7807,843,9259,9166
28,5940,997,9264,8795
27,6400,495,9992,9261
19,8991,560,9101,9668
1,3332,739,9398,9875
2,8618,203,8974,8892
23,4023,995,9089,9531
29,3754,885,8559,9261
28,9176,851,9616,9143
10,7613,761,9970,9961
29,3367,718,8924,9706
29,4698,609,8672,9129
17,8947,784,9617,9240
22,9119,771,8719,8740
26,3500,742,9136,9941
25,8541,895,9043,8515
15,5142,388,8566,9545
28,4091,373,9898,9454
24,9879,419,9802,9524
23,3972,695,8545,8712
1,2534,438,9746,9568
2,3245,297,9463,9101
2,6217,551,9474,9317
22,4629,848,8670,9013
1,8196,347,8983,8880
23,6573,753,9344,8977
15,8440,845,9401,8803
17,2494,602,9503,8687
17,2847,259,9772,8864
22,5406,782,8908,8863
2,3948,541,8792,9355
15,3320,722,8900,8911
10,9073,239,8951,9548
24,4975,271,8503,9304
26,3932,998,9588,8944
24,2796,937,8539,8717
26,8224,620,8517,9132
17,4514,910,8765,8953
19,6960,450,9280,9438
1,4300,746,9888,9439
25,5697,206,8569,9885
10,7422,525,9232,8894
26,7675,361,8595,9787
19,7481,933,9545,8668
15,7830,904,8826,8817
2,8225,598,8813,8742
17,5950,890,8647,9885
10,5661,679,9148,9714
17,3899,555,9203,9231
27,3820,324,8629,9299
1,8910,238,8503,8516
29,4327,213,9877,8959
22,9788,349,9170,8651
25,2253,655,8949,8867
17,5483,225,9239,8846
25,5957,862,9181,9748
2,8209,435,9295,8671
10,8448,512,9754,9113
25,4334,603,9339,9967
1,5961,498,8884,9491
19,9319,302,9348,10000
27,6716,438,9166,9269
10,5437,672,9174,9261
24,6970,819,9529,9485
26,2156,251,9984,8561
17,4102,587,8685,9043
26,7766,938,9141,9587
25,3387,965,9483,9212
17,7446,943,9391,8968
27,9168,294,9007,9584
28,7330,786,9698,8823
29,9811,532,9112,9543
24,3403,887,8936,9053
19,6391,263,9192,9982
23,9596,575,8776,9085
25,2981,651,8733,9767
29,4676,561,9731,8996
28,8703,976,9794,9600
10,4876,676,8675,9071
17,9312,820,8630,9844
29,8547,599,9865,8800
27,3343,755,8676,8665
27,3814,672,9252,8650
2,2056,925,9867,9120
17,3775,910,9004,9098
2,2023,644,8917,8966
27,9234,341,8647,9293
24,5850,228,8566,8510
15,5122,442,9935,9916
27,8929,509,8907,8912
2,8256,710,8800,9554
15,2705,641,8625,8707
23,2519,714,8768,9892
22,6386,588,9163,9157
29,3310,385,8580,8816
23,6594,617,10000,9082
10,4323,275,9516,9677
25,7413,868,8761,9595
29,5415,959,9480,9791
17,5503,519,8782,8519
25,8009,443,8829,9825
19,7644,781,9813,8503
19,4395,204,9475,9611
29,6399,389,9845,8621
2,4359,311,8704,9724
23,2897,696,9988,9599
28,9477,979,8992,8761
19,3260,594,9974,8690
17,3571,244,9534,9233
1,9363,495,9671,8530
25,5729,870,9745,9967
15,3402,535,9390,9848
27,7539,381,9945,9739
29,3097,810,9525,9623
19,2303,505,9780,9127
29,7882,710,9012,9999
29,3379,386,9542,8596
15,5927,888,9889,9990
27,4979,856,9617,9678
19,4846,904,9270,9661
24,9673,735,8888,9793
10,9787,560,8780,8694
15,3429,763,8689,9799
28,3535,790,9395,9398
25,9347,814,9385,8853
23,9315,303,8501,8941
15,3890,503,8509,9578
19,3892,617,9266,8683
15,9223,622,9155,9052
2,9337,446,8794,9823
25,4839,782,9018,9733
29,2288,411,9971,9053
23,7228,946,9385,8870
22,5945,488,8532,9175
19,2176,321,9165,9682
19,3649,791,8851,9579
19,9249,779,8892,9390
25,2311,278,9614,8991
22,8388,810,8776,9912
25,9770,519,8879,9668
15,9079,744,8735,9678
17,9585,946,9372,9379
2,8998,508,9065,9512
28,6342,676,9557,9394
24,8628,581,8699,8835
23,9474,221,8745,9350
27,9436,698,8897,9168
22,9723,878,9535,9728
23,4752,416,8852,8540
28,8659,749,9021,9175
2,7591,617,9729,8520
22,4334,765,8628,9042
28,4661,540,9708,9630
25,2562,410,8977,8611
26,7734,434,8745,9333
22,7723,386,9483,9706
24,8426,496,9407,9309
26,5701,990,9813,9056
19,5724,453,9265,9783
28,4461,350,9715,8880
29,3930,874,9858,9224
1,7469,773,8541,9644
27,2443,984,8675,8801
10,7083,993,8630,9751
25,5257,980,9576,8882
25,9395,627,8788,9909
29,6670,968,9248,9303
26,8156,573,9773,9202
19,9660,639,8503,9219
27,8163,722,8712,8675
26,2337,910,9850,8683
22,3256,796,9772,9870
15,7777,669,8576,8763
15,5714,896,8722,9914
25,4848,793,9771,9228
24,6034,593,9976,8903
29,5210,737,8601,9147
10,3878,890,9531,9039
26,7082,971,8625,9423
28,9506,408,8655,8919
19,6105,696,9219,9724
19,2623,986,9024,9604
15,4053,551,9029,9214
2,5279,527,9683,8791
29,6036,641,9701,9406
25,6704,928,9348,8635
15,2883,472,9576,9153
23,3375,296,9534,9218
24,6964,397,8996,8871
10,7514,642,9938,9290
22,2637,897,9776,8777
28,3785,780,9205,9955
15,8006,891,9552,9197
17,4400,235,8667,8538
2,9739,239,9909,9464
27,3654,204,9324,8637
2,3717,866,9129,9121
1,8610,391,9933,9157
19,7575,783,9370,9262
22,5573,808,8982,9850
15,8773,958,9787,9432
22,9836,755,9126,9045
17,5041,903,9776,8625
22,5796,622,9755,8851
10,9113,616,8642,9996
28,6447,388,8516,9973
24,6496,610,9106,9964
26,9459,383,9849,9076
24,2855,921,9928,9286
29,2803,738,9913,9853
22,3573,554,8620,9994
25,2753,293,8986,8978
1,6725,754,9018,9792
1,9436,855,8880,9128
25,3200,973,8578,9640
28,4651,736,9265,8929
27,7648,409,8679,9214
23,7253,285,9847,8995
19,3207,921,8772,9282
2,3813,271,8679,8832
29,8665,332,9190,8589
26,5565,741,9671,8643
1,3466,843,8627,9444
17,6806,348,8758,9658
10,4551,330,9049,9161
26,7687,429,8601,8940
23,9897,457,8874,9737
10,5758,527,9873,9340
1,8450,847,9400,9026
10,7345,286,9444,9385
26,7912,834,8530,9050
24,8201,227,9497,9537
24,4077,579,9818,9280
23,2416,560,9832,9730
22,9880,846,8558,9338
2,3543,888,9638,9243
24,8159,883,8929,9652
10,2123,552,9481,9324
26,9575,921,9612,9510
28,3949,715,8512,9870
10,9064,739,9028,8683
26,7815,401,9252,9610
29,3445,837,9740,9605
28,9509,944,9766,9316
17,2755,205,9713,9060
1,2535,860,8610,9115
22,7170,444,9742,9628
2,3000,807,9522,9943
24,4882,548,9028,8628
25,4318,281,8800,8859
2,7386,365,9645,9152
24,8902,906,9855,8541
29,8327,497,8769,9325
19,2869,897,9560,8766
17,7401,803,9555,8729
19,9618,954,8868,9906
1,6714,269,8843,9119
27,2197,959,9297,9291
15,8460,443,9785,9744
2,5360,773,9417,9136
25,4719,943,8886,9710
29,3455,789,9920,9525
10,6641,666,8880,9345
25,3409,302,8634,9335
25,4046,608,9055,9371
26,3609,854,9957,9348
24,6730,380,9577,9076
2,4531,957,9202,8871
1,8088,591,8834,9540
28,3034,356,9858,8724
26,2903,255,9180,9169
22,9779,380,9777,9074
24,6591,679,8726,9548
15,7286,737,3306,2739
23,8395,3015,8992,8802
10,7414,2105,9670,9235
15,5633,1683,9323,9053
24,7169,1359,9395,8637
2,8461,1732,9089,8976
1,7135,2180,9768,9565
17,5328,1845,9089,9357
29,8267,1239,9618,9334
2,5115,4575,8617,9079
10,9224,3114,9595,8851
29,7353,2538,9316,8874
17,7490,3471,9864,9071
23,5625,1265,9469,9189
27,6533,2149,9186,9297
15,9820,2805,9958,8643
19,5227,4174,9839,9296
1,7584,3088,9658,9038
19,5705,4536,9580,9614
15,5821,1939,9597,9742
26,6399,4123,8570,9750
26,5816,3419,9044,9637
28,7222,2174,9758,8951
23,9181,2050,9907,9951
25,8103,4965,9083,9227
1,9429,4124,9577,8515
10,8970,3156,8543,8898
28,6192,3415,9609,9230
24,9926,2502,9806,9886
26,9022,2481,8883,9136
10,9350,3831,9326,9973
23,9606,2902,9642,9914
25,7586,1262,9923,9717
28,6437,3383,8838,8594
24,8321,1554,9614,9916
19,5022,1830,8544,9849
17,7543,3692,9632,8667
29,9116,2253,8847,8988
24,6520,3763,9065,8508
28,5519,1463,8580,9715
26,6726,3530,9534,9899
10,7134,1333,8569,9864
26,8004,1281,9367,9591
25,7808,4911,9893,8581
24,9764,3795,9941,8683
17,7662,2926,9200,9675
17,5979,4669,9303,8694
24,9752,1115,9756,8907
19,8865,2699,9889,9518
28,7937,3507,9889,9226
2,8691,1885,8835,8923
1,7855,1330,9070,8999
24,6776,3034,9994,9224
25,9215,3744,9703,8677
22,9285,1342,9049,9374
15,5763,2311,8687,8583
15,7954,1713,9641,8745
24,8788,3141,9990,8626
22,5106,4322,9234,8524
10,7934,1193,8903,8606
24,6502,2504,8944,8731
28,5818,3881,8732,9910
17,7012,1004,9019,9690
22,7871,4298,8927,8730
1,6769,2728,9992,8608
10,5771,2058,8587,9719
25,6577,2983,9572,9427
29,7129,4913,9137,9476
15,7035,1150,8885,8541
25,6117,3898,9437,8966
24,9366,3582,8982,9096
19,5134,2321,9480,8660
19,9453,3106,8954,9407
23,5707,4117,8538,9342
10,7779,4340,9659,9980
25,6150,1066,9930,8743
28,8183,3512,9237,8901
28,6769,2729,9261,9454
1,7119,2982,9854,9796
26,7512,1974,8940,8602
25,5141,3689,8729,9443
25,6249,2229,8903,9844
2,8103,1026,9850,9095
23,8083,1164,8816,9395
19,5706,1933,8907,9485
28,8651,3632,9709,9567
1,9272,3438,9632,9911
10,5258,3442,9545,9026
15,9708,1243,8838,9496
10,8190,3819,9685,8627
26,5943,4821,9652,8649
27,5197,3368,8661,9074
15,6210,4273,9605,8507
22,9135,3233,9102,9078
28,7731,3760,9159,9182
25,8149,2876,9569,9542
19,5179,1006,9588,9960
15,6041,3636,8502,9877
2,6730,4020,9628,9347
15,5414,1748,9240,9766
1,6179,1347,9661,9818
22,7627,3929,8801,9146
26,9596,1175,9126,9562
19,8314,2718,9424,8560
26,9591,3741,8906,8976
27,8217,1174,9302,9601
10,9440,3254,8646,9625
15,7551,3018,9232,9190
15,6618,3232,9539,9422
28,8817,1040,8673,8873
26,7645,3925,8608,8549
25,9693,1297,9392,9985
27,9776,1435,9412,8643
22,8682,2848,9285,8672
2,7486,1321,9998,9487
2,8637,3984,9566,9491
26,5310,4281,9270,9977
29,9609,4501,9441,9531
28,9509,4571,8748,8652
17,6893,1164,9193,8621
19,7774,1986,9909,8594
26,8473,3420,9376,9317
15,9427,3408,9258,9712
22,6235,2027,9251,8805
2,6365,1225,9335,8959
1,5702,2369,9110,9607
19,5099,3167,9263,8858
17,8928,1880,9722,9016
28,5641,3893,8793,9320
24,9866,3429,9356,8913
24,8158,2760,9674,8900
17,8822,4504,8549,9441
25,7130,1222,9876,9010
2,7191,4343,8941,9724
10,5332,1541,8962,9182
10,9503,3317,9644,8667
17,7696,2667,8856,9407
17,5448,1154,9047,8848
28,7296,3264,9084,8747
27,8375,3484,8864,8571
2,5616,3642,8816,9602
15,6185,3729,9269,8719
1,6558,2786,9033,8816
24,6034,4707,9704,9526
1,6926,2602,9909,9101
10,5088,4596,8811,9091
17,5248,2044,9141,8789
24,8325,1510,8783,9984
19,7734,3085,8800,8893
24,5443,4267,9646,8678
26,8983,3234,9789,8864
23,7782,1137,9144,9349
17,9522,2941,9656,9036
22,8567,3136,8781,9788
10,8328,1168,9213,8539
22,8848,4439,9590,8934
28,7335,3172,9463,9054
10,6361,2994,9015,9751
29,5541,3266,8664,8715
29,8338,3201,9273,9250
29,7099,3713,9712,9945
27,5011,3377,9586,9488
28,7718,3930,8597,9518
28,5762,3673,8622,8912
1,5665,4153,8529,8572
27,8000,4465,9698,9361
24,6441,1886,9086,9558
1,8799,4609,9714,9202
17,8567,3260,9106,9907
27,6590,2888,9564,9072
17,6080,3842,8872,8756
19,7214,4502,9499,9388
15,9835,1315,9776,8813
25,5564,1840,9416,9777
28,6873,4981,9333,8705
24,5864,4948,9690,9544
10,7795,2057,9207,8677
1,6452,2505,9219,9330
1,5447,3545,8709,9645
17,8188,1066,9169,9770
23,6730,2028,8593,9028
23,9023,2083,8878,9149
25,7759,3899,9772,8575
17,7702,3849,9181,9792
2,6453,4398,9568,9958
27,6794,3720,9731,8530
23,8682,2880,8600,9909
27,9912,1971,9071,9063
28,9295,1363,8682,9303
25,8659,3581,9877,9021
23,7516,2471,9069,9748
28,5755,2596,9530,9590
17,7351,3282,9906,8526
22,6541,1946,9942,9400
17,8468,4278,8654,8877
23,8315,1650,9931,9978
15,5700,4529,8631,9683
17,6941,2196,9458,9518
23,7984,4915,8588,9092
27,9512,1974,9865,9484
19,6570,4864,9207,9378
17,7740,1906,8900,9396
26,6121,4420,8584,9111
27,9553,4079,8693,9284
28,9292,1876,9536,9356
22,9627,1649,9823,9355
22,7731,1089,8765,9608
28,8885,4291,9674,8762
1,5871,2024,9922,8646
17,5647,1672,9025,9853
19,8965,3667,9724,9223
1,5309,2270,9913,9894
29,6922,3660,8790,8952
25,9217,1103,9736,9288
24,9223,4069,9936,8592
1,7829,3280,9095,9651
22,8584,4509,8702,9295
19,8147,2015,8679,9446
28,9123,1416,9574,9270
28,8739,3102,9744,9221
24,9694,3156,8941,9890
28,6400,4006,8850,9810
10,5202,3038,9796,9592
17,7750,2235,9025,8815
24,9461,2990,8582,9967
1,9310,4117,9043,9838
17,8583,2261,8567,9818
2,7945,4810,9751,9775
27,7181,2595,9575,9895
29,6086,1408,9372,9081
28,8639,2384,8938,8780
15,6699,4952,9524,9758
17,5977,2878,9501,8683
19,9407,4658,8967,9280
22,6856,1839,8533,8527
27,8747,3669,8679,9637
2,7604,4972,9133,9534
22,5678,2971,8529,9400
19,9519,3389,8930,9325
10,9516,2297,9838,9832
10,9091,4836,9084,9971
10,9578,3768,8973,9501
24,8140,1701,9359,9963
27,8853,4936,8679,9978
17,7337,3691,8718,8887
19,6072,1098,9182,9513
2,8241,4289,8638,8705
10,9262,1077,8607,9495
28,8433,4967,9346,9195
19,7096,4631,8891,9558
27,7188,3460,8880,9778
1,8771,2132,9342,9354
10,9781,1870,9820,8839
22,7818,1222,9396,9501
1,6958,3848,9481,9196
25,8910,1987,9288,9171
15,8733,4232,9046,9951
22,9732,2123,9360,8905
28,9753,4440,8511,8901
15,5888,2560,8582,9175
23,9338,4437,8821,9795
17,6453,3084,8602,9304
24,9931,4876,9136,9765
15,6348,2028,8874,8678
17,7757,3287,8606,9677
10,9777,1125,9792,9557
22,6722,1460,9803,9130
17,5050,2847,9418,8821
22,5192,1877,8779,9156
19,8619,4500,9792,9758
26,6844,3669,9803,9194
1,6449,4007,8674,8681
22,8163,1165,9939,9180
25,9964,2447,9109,9844
24,7667,4794,8797,8809
22,9474,4504,9435,9134
23,9309,2756,9069,9515
23,6138,4244,9061,9090
2,6537,4123,9361,9092
1,8104,1579,9906,8693
23,8281,4924,9988,9918
24,6480,2661,9289,9538
24,5369,4794,9465,8509
28,8459,2798,9131,8618
23,8094,4001,9604,8918
24,6997,3065,8807,8930
29,5027,1485,8666,8994
22,7638,1935,9949,9928
25,5241,2720,9248,9839
24,8071,1299,8802,8531
26,9184,4416,9643,9068
29,8470,1705,8753,9368
29,5553,4950,9780,8948
26,8829,3389,9198,9346
15,8761,2470,9009,8788
10,5930,4391,9673,8531
1,5613,3134,9499,9911
27,8037,1115,8623,8959
1,9076,3300,9006,8641
28,7862,1900,9986,9195
2,9807,1340,9949,9456
1,6442,4906,9684,9845
1,5185,4115,8592,8508
1,6466,4030,9312,9835
27,5405,3260,8977,8723
25,5310,2655,8554,9656
22,8925,4673,9616,9375
15,7283,2385,9606,9451
25,9644,3657,9017,9494
23,7731,4931,9408,8891
15,7840,2518,9287,9276
10,8678,3847,8594,8718
10,9862,3080,8939,9401
19,9749,4520,8719,9244
24,8549,4017,9548,9354
10,6920,3694,8888,9839
2,6614,2489,9741,9136
25,6934,1953,9508,9180
22,6833,4583,9492,8541
19,7215,1800,9750,8658
27,6952,1450,9286,9125
27,7055,3711,8690,8689
24,6671,2071,8913,9712
17,9621,2494,9943,9904
28,7756,2254,9279,9009
28,5711,1107,9016,8592
24,6309,4398,9941,9381
24,5719,2512,9639,9797
10,7730,1407,9834,9332
2,8515,2493,9048,8572
28,6618,2260,9938,9593
1,9535,2676,8922,8570
15,7596,2049,9295,9977
25,6961,4630,8600,9014
27,7547,1418,8638,9397
15,8421,4321,9969,9357
19,5609,1998,8640,9121
1,8787,3401,9908,9886
1,7551,1685,9844,9084
10,8867,2023,8997,8832
24,5820,4014,9058,9620
17,9430,1400,8512,9652
26,9291,1447,9560,9876
19,5733,1986,8847,8515
17,6917,1735,8540,9725
28,8814,2748,8732,9597
25,9151,1245,8978,8860
1,6785,3859,8706,8830
15,5373,4360,8697,9472
25,7485,1976,8841,9352
2,9085,4743,9673,8617
1,7022,3607,8824,9884
27,5775,2214,9313,9695
15,6558,3557,9786,9947
2,7917,3477,9298,8853
25,7529,4769,9753,8979
15,5203,2498,8896,9321
26,6097,2957,9823,9850
25,9473,3677,8892,8586
15,7641,3063,9191,9954
22,5417,2905,9084,9043
1,8754,1533,9909,8674
29,9802,3580,9822,8997
28,6578,1554,9009,8636
25,8522,3773,8550,8783
1,5367,3348,8780,8864
10,7066,4614,8966,9534
22,9643,1792,9701,9479
23,7831,4710,8882,8684
2,5886,1677,9019,8847
15,5925,2627,9358,9281
26,7013,4668,9964,8617
15,5520,4918,9767,9856
22,7801,4327,8949,8813
15,8233,1512,9961,9962
2,9989,4793,9128,9696
23,7053,2001,9945,9492
28,8427,3644,8916,9751
29,7591,2384,9441,9499
25,8068,4502,9986,9795
28,9923,4208,9218,9203
2,5761,3212,9498,9602
26,5480,1013,8645,8757
15,6553,1118,9623,9604
15,7672,2161,9650,9211
19,8798,4342,9911,8558
17,7976,3222,9561,9636
17,8876,4401,8610,9468
15,8610,3354,9982,9413
22,6042,2308,9960,9058
28,5858,1803,8516,9071
10,5553,2661,9457,9733
25,5255,2200,9260,9088
15,8706,1340,9842,9668
19,9035,1807,8779,8953
19,7899,1870,8852,9021
26,8366,1394,9643,9060
2,9203,4024,8749,9387
22,6124,3518,8802,8802
23,8209,3165,8706,9947
2,9295,4066,9326,9234
28,9344,8289,6373,8379
27,5252,8903,6892,5714
17,5790,8186,5921,5549
19,5729,8582,7869,7402
23,6252,9782,8319,5592
24,7646,9456,5971,5763
24,9163,8925,6005,6209
15,9455,8420,5907,8135
24,8524,8161,7125,5741
29,5638,9476,8439,7682
10,8425,8468,6159,8018
22,6839,8670,6874,8059
15,7779,8654,6416,7397
24,9489,9283,6593,5595
23,7039,9748,7735,5807
22,9987,9419,8023,6861
25,8896,8067,5825,6716
29,5149,8574,6240,6332
15,6144,8620,6877,8240
23,5102,8023,6284,7337
24,5683,8650,6957,6440
1,7463,8435,5508,7111
22,9320,9029,8292,6309
23,6408,9111,7987,7481
10,5202,8103,7912,7031
22,8321,8308,7790,7665
27,5133,9980,6612,6107
28,8574,9884,8349,8296
23,9483,9158,7561,6642
1,8400,8087,7196,5915
24,6974,9398,6138,5778
22,6479,8486,6753,6916
25,5559,8705,5942,8455
10,5191,8645,6663,7080
19,6763,8584,6008,7532
15,9252,8646,7011,5968
27,6887,8619,6793,7901
1,7457,9413,6080,7521
26,7806,8562,7176,6838
23,7893,9158,8077,6604
26,7272,9487,6408,5706
28,9273,9966,6349,7945
10,6896,8434,7588,8165
24,5084,9481,7633,8058
10,5962,9650,7397,7894
2,8022,8196,5818,8095
29,9409,8944,7028,7907
17,5128,8742,7471,6976
24,8461,9167,6597,6883
1,9056,9846,7634,7850
24,7408,9408,8405,5884
19,9356,8680,5609,5873
27,7110,9225,5981,7443
19,5248,9317,6494,7290
27,6630,8839,5711,6427
2,6569,9021,6075,6917
17,7076,8342,6864,5600
2,7118,9486,6036,6090
28,5346,9601,8434,8062
2,9170,9171,8298,6054
24,6193,8461,6550,7722
26,7476,8055,6445,6138
2,8210,8877,8189,7353
10,5612,8284,6696,7629
28,8337,9181,6008,7214
25,5981,9349,8041,7210
28,9871,9622,8382,7592
27,8864,9682,6713,5686
24,7045,9045,5915,7412
27,8026,8801,5937,5734
10,5357,8116,8452,7187
22,5106,9397,7901,5580
29,9385,9296,7201,5743
22,7910,8153,6354,7621
24,6271,9214,7640,7222
1,5651,8050,5877,7496
10,7244,8728,8478,6588
28,5335,9228,8088,6306
29,7578,9187,6629,6313
10,6865,8947,8420,6993
19,5214,8363,8341,6846
2,9003,9792,8254,7577
1,8125,9932,6198,5845
24,7718,8767,8483,7167
15,7260,9203,7864,7158
24,9083,9077,8027,7651
24,8014,8755,6792,7107
29,9111,8894,7590,6787
28,5331,8396,5739,8459
19,6836,8264,8312,6510
27,9243,9932,7858,8467
1,7700,9966,8109,7386
19,8001,8310,7442,5689
2,6181,8774,7228,6802
1,7383,9931,7046,8430
29,6177,9215,7455,5935
19,5204,8847,5764,6103
19,8483,8575,7745,8197
24,6400,8876,6320,6380
24,6375,9074,6374,7824
17,8023,8084,6151,7814
29,6328,9452,8067,5931
2,5358,8265,8452,7959
10,8746,9541,6987,6490
23,6182,8912,7118,7119
2,8841,9197,8381,6479
23,5872,8351,7676,7052
19,8677,8895,6000,6901
10,6632,8482,6849,6394
10,5838,8056,6277,5706
22,9584,8999,6015,7129
19,6301,9747,5744,7635
24,6227,9091,6959,6636
28,9636,9546,6573,7249
17,7070,9103,6696,6251
28,9356,9608,7495,5726
24,5673,9248,8124,7788
17,6393,9523,8284,6497
22,7807,8886,8395,7851
23,8259,8867,6537,8057
15,7271,8588,7510,6907
15,5610,9160,6866,6729
17,9451,9008,6776,7541
17,5589,8796,7165,5743
1,6270,9266,7793,6499
1,8671,8681,6106,6100
24,8896,9041,7633,7690
22,5648,8064,6965,7044
2,6386,9936,5748,8291
23,5884,9354,8257,6119
17,9014,9026,8002,7096
10,8959,9528,6966,6195
25,6156,9693,7073,8096
26,7669,8032,7386,7280
19,5249,9524,5622,7374
15,5180,8361,6611,5727
19,6067,8933,8331,8102
19,9971,8922,6649,7059
27,9425,9719,6645,7988
15,9508,9761,8471,8405
19,5686,9409,8163,7632
28,6756,8389,8461,8089
22,5147,8565,5618,7027
17,9580,9319,6566,7654
22,9249,9322,6496,7749
2,8036,9139,6434,6537
23,9273,8739,7489,7348
27,5287,8444,6019,5561
25,7097,8583,7059,7971
26,6979,8569,6237,6250
10,6908,8610,7969,6369
29,6729,8022,7641,7045
23,8587,8330,7906,8005
26,9936,9627,7438,6184
28,7704,9780,5960,7097
29,8374,9415,5562,6673
28,6952,9063,8062,5995
17,7764,9935,5518,6178
15,7761,8373,6884,7625
1,7994,8797,5647,6582
26,7635,8760,5704,5653
24,9096,9007,7693,5805
25,9497,9573,6130,7535
17,5692,8305,6582,7369
22,8455,8880,6411,5839
2,9371,9894,5630,7959
10,8029,8901,6698,7272
27,6187,8514,7505,5948
29,8195,9857,8206,7089
22,8491,8901,7969,7147
15,8748,9837,6262,8152
24,6769,8238,7443,5948
15,6480,9794,8308,6937
19,6495,9735,7298,5724
23,8672,9176,7585,7539
24,7990,9955,5907,7391
27,6255,8566,7782,8473
17,6951,9039,6337,7655
25,8041,8435,7773,6330
19,9203,9515,7362,6646
2,9714,8543,5993,6891
10,5635,8951,7014,7529
10,9127,9043,8035,7006
27,5359,9344,6214,6661
24,7729,8505,5873,5892
29,9789,8542,7746,7365
28,8852,8449,7618,7594
29,9851,9859,5667,7918
1,9662,8689,5514,6983
1,6844,8309,6108,7571
26,7379,8580,8185,7932
19,9397,8184,7357,5849
26,6243,9202,6962,7471
29,9456,9874,8351,8140
2,7108,9034,5565,8313
23,9029,9176,7533,7177
24,6562,9605,7782,6468
27,8141,8036,7234,7143
27,5967,8468,7949,7564
23,5832,9901,6960,6271
27,7149,9669,8151,6769
27,6377,8989,8270,7598
23,8942,9055,6336,5707
2,6394,8343,6196,5750
10,9149,8457,7264,8392
15,8187,8209,6121,6620
24,5271,9860,7419,5618
15,6428,9206,7367,6989
22,9330,9478,6297,5510
10,6902,8117,6885,5922
25,8695,9410,7265,8473
29,6495,9554,8478,7122
26,5405,9221,5791,6226
24,9760,9798,5757,7355
29,6314,8289,6084,8041
26,9010,8507,6488,6766
24,5385,9044,7382,7549
24,7359,9086,5563,7250
24,8985,8227,7777,6556
27,8240,9373,7005,6791
25,6748,9332,5744,8474
10,5539,8071,7447,5576
19,5135,8422,6043,6881
28,7995,9133,6836,7006
17,6916,8766,8333,7112
23,8352,8139,7411,7059
28,6516,9798,6080,7378
17,8285,9730,6137,7363
22,5548,8450,8421,6166
23,8202,8288,7022,8063
25,8370,9469,7673,8024
10,7770,8966,7565,6116
28,5628,8731,8180,8018
22,7837,8864,7152,5830
27,8920,8035,6948,6798
27,9458,9508,7251,7016
19,9370,9615,8372,7180
22,6716,8320,6360,7728
1,5079,8243,5667,6161
22,6341,8320,5728,8433
29,7706,8799,7221,7050
19,5317,9918,6680,8358
1,7462,9697,8035,7149
22,6337,9685,6182,6509
10,5639,9419,8220,6010
17,8433,9535,5710,7528
26,8696,9918,8015,8190
29,7055,8677,6789,6431
10,7845,8706,7807,7691
19,5979,8278,6566,8062
25,8006,8945,7927,5998
17,6754,9904,7625,6990
15,9374,9883,6031,5649
2,6219,8948,7678,7906
10,9688,8548,8229,7118
27,5434,8178,7858,8213
27,6699,9004,8220,7925
23,5284,9435,7169,8280
28,9684,8843,6904,5621
2,9412,8793,6257,8218
2,9699,8513,7443,7798
1,8629,9883,7213,6717
24,9025,8401,7781,5599
1,7245,8122,7301,8102
22,5272,9056,7554,5676
17,9935,9405,5706,7676
26,9287,8723,5547,5888
26,6474,9088,8197,6861
27,5321,8538,8323,6936
10,5505,9046,8398,5749
1,8900,8028,7210,7802
28,6062,8619,7420,7302
22,8443,9312,7751,5690
1,9184,8191,6933,8432
17,7914,9228,8300,6648
1,6160,9993,8298,7303
2,5696,9015,6859,8038
15,8628,8596,7680,7147
10,9216,8764,8196,8130
22,6203,9429,6189,7369
15,7105,8759,8468,6197
26,9811,9976,7265,6117
2,6851,9525,7760,8362
1,5924,9537,6727,7292
24,5043,9747,8457,5557
10,6031,8408,6175,6950
22,5449,8393,7906,6820
2,9142,8444,7058,8070
1,6785,8292,5503,7765
24,5624,8966,5762,6414
1,8544,8738,6960,8291
23,7955,9069,5944,5846
26,9937,8706,6356,5570
27,5165,8641,6393,6251
29,8518,8853,5766,5726
1,8735,9121,7340,7479
24,5463,9934,8024,8413
10,8966,9137,6311,5792
29,5082,8448,7599,7966
23,6120,8896,6290,8035
2,5390,9157,6327,7434
2,9328,9052,8032,6869
25,9416,8062,7420,8380
1,7644,9393,7714,7762
24,8330,8546,6143,7102
25,7159,9258,6646,7620
17,9656,9091,7073,6413
1,6174,8010,7829,8023
29,5026,9060,7143,8030
26,5492,9495,6525,8151
17,5217,9312,6885,5813
23,6452,8834,7534,7574
1,8484,9411,7626,7774
23,6427,9818,7723,7149
15,6821,8860,8290,5500
1,8153,9719,7886,7816
10,7410,9967,6051,8075
28,6925,9286,7689,5913
19,5738,9428,7544,8134
27,8336,8903,6961,8058
15,8429,9342,8312,7067
1,8146,8565,6754,6935
1,9027,8543,7427,7884
26,7538,8086,7735,7933
19,7012,8161,6160,7697
10,9356,9231,7068,5672
19,7454,9137,8314,7425
25,7176,8623,7691,6353
1,5143,9664,6811,5836
17,8524,8487,7488,6443
23,6837,9526,7630,6027
26,7533,8677,7094,6573
19,5278,8311,8104,7598
15,5874,8422,6247,6612
15,6485,9239,7949,8330
24,9179,8504,6254,6238
24,9924,9705,7267,5683
10,9450,9987,6034,6547
29,9318,9099,6448,5566
10,5118,9636,7374,5952
25,5092,8257,6845,6907
28,9213,8168,6560,8459
17,5669,8418,8081,6269
19,9845,8511,6535,6582
1,8753,9772,7297,6402
29,8777,9550,6094,5500
24,5540,8643,7548,7935
17,6640,8020,8180,6934
24,7364,8541,6802,6382
17,5746,8510,8494,5646
25,7307,8556,6329,7521
26,5962,9326,6390,5560
10,6086,9290,6826,7751
22,9191,8312,6191,6618
29,8050,9568,6210,8389
1,8214,9977,6101,6218
25,5775,9066,6577,7229
17,5101,8008,6898,7937
17,8612,9401,6950,8085
29,8431,8199,8448,7604
22,6777,9815,6987,5822
27,6223,8147,8073,5641
22,7465,9802,7904,7023
26,6594,8625,6183,6852
27,8966,9874,5989,7886
17,9204,8569,7310,5981
29,7002,9716,5733,7358
2,6068,8175,5579,8426
19,7252,8193,8476,8087
25,9138,9413,7460,7045
2,8316,8768,6217,7462
27,7964,9324,6804,7120
23,6559,8870,5869,7137
2,6177,8495,8459,7214
17,6753,9488,7809,7974
1,6369,9317,6263,6972
10,7235,9819,7544,6264
27,6422,8242,7131,5731
25,5899,9978,5738,7208
17,7621,8460,6549,8017
15,8429,9680,7603,6826
19,9463,9286,7196,6309
28,8829,9106,7443,6646
25,9578,8610,6253,7369
27,5772,9393,6474,8124
26,6462,9701,5705,6510
29,6074,8112,7960,8124
19,5161,8611,5627,6649
27,7480,9955,7088,8206
24,6740,9577,7698,8015
28,8539,8084,8068,6291
23,7414,9705,6291,8199
29,5200,9367,6091,7416
29,5624,8624,7887,7756
24,5382,9856,6655,8343
10,6281,8095,6825,7908
1,9819,8397,7017,5667
19,8127,9259,5788,6124
17,7062,8678,7783,7927
27,7141,9880,7573,6565
28,5355,8885,7869,6481
22,9048,9320,6261,7604
2,5332,8072,6549,8402
24,9209,9979,5519,8012
27,7390,9527,5869,6406
17,6983,9394,6794,8113
29,5665,8570,5578,5999
15,5171,8015,7879,6220
28,6747,9672,6893,8217
24,6828,8847,5549,5987
10,8079,8689,7822,6238
22,7029,9175,6013,7214
27,9521,8726,7730,8308
22,8877,8373,6068,6225
22,8675,9938,6004,6754
26,8497,8336,7307,6011
1,8130,9311,8068,7798
25,6257,9869,5916,6651
25,5307,9762,8108,8248
22,9302,8226,6026,5588
23,7963,9985,7793,7056
24,7843,8493,6961,7481
19,5502,8216,8299,6919
24,5218,8851,7812,5556
25,9413,9243,6606,7677
1,6139,8134,7846,6388
2,7865,8900,7525,8389
15,7520,8266,8387,5629
29,5663,8792,7317,6803
27,6282,8670,6116,6962
25,7596,8926,7411,7857
2,7706,9378,6503,6819
1,6539,9356,8307,6350
23,5620,8563,6525,7871
19,7625,9847,6579,7163
23,5434,9844,6862,7345
22,8114,9082,7194,6855
29,6744,9224,7845,7118
15,5762,9754,7173,7024
2,7602,9931,6620,5667
2,5819,8377,5841,8202
10,5247,8870,8353,5902
23,9368,9937,7237,6639
27,8887,8488,8367,7614
28,7196,9666,8399,6014
23,7664,9211,6874,7468
22,5115,9407,6127,5751
24,5431,9691,6292,8423
29,8064,9022,7283,6942
24,5975,9994,6639,5692
28,8521,9022,6125,5785
23,9991,8043,6747,8163
26,7977,8656,7707,8049
10,9154,8566,5823,6472
1,6399,8001,5578,6750
1,6792,9317,7910,6669
17,8413,9157,8364,8042
26,5988,8837,6717,6439
15,6644,9711,6320,5688
17,9511,9436,7341,6401
29,7838,9596,6178,7941
24,8535,8731,8026,7715
25,9673,8107,7289,7306
1,8774,9975,7387,6484
23,7946,9321,8303,8390
10,7771,9282,5711,8493
2,7263,9940,5697,7544
27,8710,9204,8292,7335
15,9271,9036,7969,6502
25,6150,9848,7763,6746
17,5472,8316,7237,8479
23,5591,8837,6059,6678
29,6274,8003,7121,6875
25,5186,9497,6916,8070
10,5942,9585,7903,6080
26,5328,9174,6414,6832
1,7679,8595,7814,7787
26,9034,8791,7837,8163
26,6545,9385,6641,7208
26,9076,9762,7366,6834
19,6477,9777,8397,7206
10,7989,8475,5528,5888
15,9077,9926,7114,8316
17,8910,9305,8367,8330
26,5699,8503,8237,6401
10,8661,8020,8402,7676
27,5355,9252,8316,8464
10,9808,8594,5683,7996
10,5163,8682,5799,7050
26,6584,9600,7273,6522
23,6243,9015,6764,7568
26,7815,8775,6380,6137
26,6458,8587,6425,7225
25,6648,9788,7113,6423
15,6458,8353,6929,8423
15,7308,8280,8382,7167
15,5673,8936,5670,7486
22,7834,8337,5583,7744
15,7770,8474,7523,8445
15,7879,9564,8179,6890